Raman Shift (cm-1),reference styrene
3400,34.2151374816895
3399,32.9800300598145
3398,35.4569435119629
3397,42.9248428344727
3396,42.8743476867676
3395,40.7658576965332
3394,42.2070045471191
3393,43.5864791870117
3392,40.5009574890137
3391,44.4378242492676
3390,49.4106712341309
3389,48.5175094604492
3388,48.7736511230469
3387,46.4291114807129
3386,46.1266899108887
3385,44.3744621276855
3384,37.5400047302246
3383,44.5274925231934
3382,43.1638069152832
3381,33.5739707946777
3380,34.5820999145508
3379,42.0741271972656
3378,38.0853004455566
3377,33.2467308044434
3376,36.8997840881348
3375,36.3672065734863
3374,31.7029552459717
3373,31.7794933319092
3372,33.1474418640137
3371,28.736442565918
3370,31.8582382202148
3369,34.4671096801758
3368,37.2223052978516
3367,42.6365089416504
3366,38.9387016296387
3365,31.4803428649902
3364,30.6431465148926
3363,33.5377388000488
3362,28.533317565918
3361,27.5915088653564
3360,32.4095306396484
3359,35.7714576721191
3358,34.6157569885254
3357,37.6527481079102
3356,42.1971778869629
3355,47.4618949890137
3354,51.6741943359375
3353,48.4590950012207
3352,54.174861907959
3351,60.6088447570801
3350,59.7658462524414
3349,64.4058074951172
3348,68.7945251464844
3347,72.7172393798828
3346,78.8366470336914
3345,85.2117691040039
3344,86.3888854980469
3343,92.0916442871094
3342,99.8429336547852
3341,101.542182922363
3340,107.639625549316
3339,120.540313720703
3338,131.061416625977
3337,133.746368408203
3336,136.529296875
3335,141.250732421875
3334,144.795028686523
3333,150.904693603516
3332,165.392150878906
3331,172.265853881836
3330,179.182907104492
3329,189.139434814453
3328,195.600616455078
3327,204.926986694336
3326,193.528335571289
3325,191.513153076172
3324,221.087142944336
3323,210.722427368164
3322,189.211532592773
3321,179.545227050781
3320,173.479598999023
3319,164.994903564453
3318,176.065643310547
3317,175.46989440918
3316,154.467208862305
3315,152.832077026367
3314,147.280654907227
3313,140.15119934082
3312,131.198318481445
3311,112.689605712891
3310,106.334457397461
3309,107.394401550293
3308,111.119850158691
3307,111.621353149414
3306,91.7353210449219
3305,89.2249069213867
3304,83.3873443603516
3303,56.842945098877
3302,66.7223587036133
3301,68.8039779663086
3300,61.4760093688965
3299,60.4852867126465
3298,52.070556640625
3297,51.5394897460938
3296,46.1321983337402
3295,32.8109741210938
3294,33.9238586425781
3293,44.725902557373
3292,45.9750900268555
3291,37.668270111084
3290,35.7061309814453
3289,35.2119102478027
3288,27.277946472168
3287,25.5984573364258
3286,39.1811637878418
3285,34.7695808410645
3284,23.8055267333984
3283,21.0117435455322
3282,23.7421646118164
3281,22.6346664428711
3280,30.1091899871826
3279,33.5649147033691
3278,23.6172275543213
3277,21.8584690093994
3276,25.8191089630127
3275,32.8232078552246
3274,37.7624931335449
3273,32.6341514587402
3272,26.1383781433105
3271,22.6429901123047
3270,23.0599670410156
3269,26.4359569549561
3268,26.2671451568604
3267,29.1825733184814
3266,32.5690460205078
3265,27.3790950775146
3264,27.2420444488525
3263,30.0354270935059
3262,30.7185764312744
3261,29.8563175201416
3260,28.6894340515137
3259,22.4639987945557
3258,21.1046142578125
3257,30.4360542297363
3256,26.9904537200928
3255,20.698823928833
3254,21.9377555847168
3253,27.6023197174072
3252,28.2126560211182
3251,22.6910381317139
3250,17.9729804992676
3249,19.7474956512451
3248,22.9611892700195
3247,14.6953744888306
3246,13.1881074905396
3245,23.8483982086182
3244,17.568717956543
3243,16.8161220550537
3242,15.5060157775879
3241,8.73357486724854
3240,14.9545965194702
3239,18.2203044891357
3238,17.8163471221924
3237,16.3829116821289
3236,10.503155708313
3235,10.9823884963989
3234,13.1835594177246
3233,14.1096801757813
3232,18.3147296905518
3231,17.3918876647949
3230,12.3841514587402
3229,12.536735534668
3228,19.6195487976074
3227,13.9041347503662
3226,12.3544893264771
3225,20.8749084472656
3224,22.3323459625244
3223,17.4957122802734
3222,19.1550922393799
3221,20.8193340301514
3220,12.7736940383911
3219,22.3163967132568
3218,31.7527713775635
3217,27.0914936065674
3216,22.0879726409912
3215,34.778190612793
3214,35.5591773986816
3213,29.3213348388672
3212,39.9596977233887
3211,39.9001922607422
3210,40.413257598877
3209,43.8538932800293
3208,41.7767753601074
3207,44.892219543457
3206,48.078239440918
3205,50.8115043640137
3204,55.5565185546875
3203,54.918571472168
3202,52.8585014343262
3201,56.5237083435059
3200,64.4245300292969
3199,64.9915313720703
3198,70.1050415039063
3197,74.5112228393555
3196,69.8478622436523
3195,73.8568420410156
3194,75.7146759033203
3193,75.3070907592773
3192,80.3964462280273
3191,84.0235214233398
3190,85.2433242797852
3189,82.4815979003906
3188,81.2144927978516
3187,94.850700378418
3186,93.2530364990234
3185,86.0767364501953
3184,94.4671249389648
3183,91.8194274902344
3182,93.6595687866211
3181,97.4615783691406
3180,94.5069351196289
3179,103.760009765625
3178,101.252044677734
3177,89.9783782958984
3176,92.9410858154297
3175,104.393730163574
3174,100.754371643066
3173,94.1593475341797
3172,104.036926269531
3171,106.297973632813
3170,102.563018798828
3169,104.194885253906
3168,113.090927124023
3167,115.193252563477
3166,107.582443237305
3165,108.159370422363
3164,120.813911437988
3163,106.687393188477
3162,99.7725448608398
3161,107.882339477539
3160,109.353630065918
3159,115.367263793945
3158,114.423980712891
3157,109.697227478027
3156,112.040901184082
3155,106.035049438477
3154,111.92845916748
3153,121.683036804199
3152,111.866340637207
3151,112.775970458984
3150,116.778930664063
3149,118.496734619141
3148,121.820640563965
3147,108.57878112793
3146,104.175285339355
3145,114.855270385742
3144,115.070762634277
3143,106.473808288574
3142,99.6193771362305
3141,102.707672119141
3140,109.83073425293
3139,95.6598281860352
3138,88.9960174560547
3137,99.0970230102539
3136,91.6533508300781
3135,76.9657363891602
3134,73.9543762207031
3133,80.9509353637695
3132,78.8435745239258
3131,76.8700485229492
3130,76.3608856201172
3129,75.7980880737305
3128,77.5129013061523
3127,71.50244140625
3126,64.3673782348633
3125,65.7227401733398
3124,69.6608963012695
3123,66.9696044921875
3122,61.7025718688965
3121,61.6689224243164
3120,63.8915901184082
3119,61.6330413818359
3118,60.3224487304688
3117,65.4296340942383
3116,66.7375106811523
3115,67.5031661987305
3114,67.2523880004883
3113,63.9234428405762
3112,65.9789123535156
3111,72.1454849243164
3110,74.46435546875
3109,70.8042526245117
3108,74.908935546875
3107,78.470344543457
3106,81.914665222168
3105,93.4567031860352
3104,92.627555847168
3103,89.9735717773438
3102,94.0256576538086
3101,95.8084716796875
3100,101.867263793945
3099,109.140663146973
3098,116.110336303711
3097,127.896438598633
3096,132.775390625
3095,126.946075439453
3094,122.676689147949
3093,134.725936889648
3092,135.662445068359
3091,132.789978027344
3090,143.972732543945
3089,150.662994384766
3088,152.988143920898
3087,157.066253662109
3086,160.348785400391
3085,151.705871582031
3084,160.581604003906
3083,174.727462768555
3082,162.697860717773
3081,171.060012817383
3080,182.703506469727
3079,185.551803588867
3078,197.018478393555
3077,197.711883544922
3076,197.037780761719
3075,210.563751220703
3074,234.307968139648
3073,254.681686401367
3072,260.997100830078
3071,267.170043945313
3070,302.253082275391
3069,319.977142333984
3068,321.326995849609
3067,336.053039550781
3066,353.442230224609
3065,366.046295166016
3064,384.996337890625
3063,409.961944580078
3062,396.620513916016
3061,386.816650390625
3060,393.606506347656
3059,381.092407226563
3058,372.854034423828
3057,375.848327636719
3056,377.576507568359
3055,363.819549560547
3054,340.266876220703
3053,331.220764160156
3052,336.930938720703
3051,320.591918945313
3050,306.059387207031
3049,305.319946289063
3048,305.474731445313
3047,295.072204589844
3046,293.301025390625
3045,294.663909912109
3044,281.457366943359
3043,280.925598144531
3042,284.234985351563
3041,287.676635742188
3040,298.858947753906
3039,281.783203125
3038,268.973022460938
3037,280.801208496094
3036,274.348937988281
3035,269.445007324219
3034,276.391082763672
3033,286.936279296875
3032,292.846862792969
3031,283.750793457031
3030,280.931671142578
3029,298.529205322266
3028,282.554931640625
3027,275.679534912109
3026,298.72119140625
3025,312.639801025391
3024,325.964813232422
3023,338.866729736328
3022,347.789093017578
3021,357.181213378906
3020,367.098724365234
3019,377.878265380859
3018,396.786743164063
3017,433.503204345703
3016,455.480041503906
3015,464.306854248047
3014,491.461273193359
3013,529.19921875
3012,547.159057617188
3011,544.915466308594
3010,549.703674316406
3009,538.446533203125
3008,528.438598632813
3007,543.894348144531
3006,565.346740722656
3005,549.001831054688
3004,532.228576660156
3003,558.321105957031
3002,556.384155273438
3001,543.015747070313
3000,539.461547851563
2999,539.322937011719
2998,555.65283203125
2997,560.531860351563
2996,552.896789550781
2995,577.631164550781
2994,592.902038574219
2993,591.770263671875
2992,596.818359375
2991,610.502990722656
2990,634.611755371094
2989,650.156005859375
2988,648.201538085938
2987,682.637756347656
2986,704.36865234375
2985,694.973022460938
2984,721.951538085938
2983,770.598205566406
2982,801.809631347656
2981,808.712158203125
2980,833.662231445313
2979,861.522216796875
2978,885.331970214844
2977,911.942321777344
2976,922.68896484375
2975,925.953247070313
2974,960.816650390625
2973,1047.37194824219
2972,1082.35412597656
2971,1092.35473632813
2970,1140.59167480469
2969,1188.38952636719
2968,1244.92883300781
2967,1313.13916015625
2966,1378.59716796875
2965,1441.19860839844
2964,1511.60375976563
2963,1586.30798339844
2962,1648.64672851563
2961,1715.01904296875
2960,1794.3681640625
2959,1886.25524902344
2958,1989.400390625
2957,2091.3564453125
2956,2185.10791015625
2955,2277.51953125
2954,2388.99584960938
2953,2540.3984375
2952,2718.45092773438
2951,2887.9794921875
2950,3094.857421875
2949,3323.16870117188
2948,3543.07885742188
2947,3801.57836914063
2946,4091.66943359375
2945,4436.3095703125
2944,4867.6962890625
2943,5292.5771484375
2942,5660.388671875
2941,5985.7783203125
2940,6296.443359375
2939,6495.279296875
2938,6555.736328125
2937,6520.720703125
2936,6406.80224609375
2935,6290.759765625
2934,6193.97412109375
2933,6059.1357421875
2932,5904.17431640625
2931,5880.77734375
2930,6027.97900390625
2929,6124.1484375
2928,6283.67919921875
2927,6540.6064453125
2926,6752.63818359375
2925,6843.85888671875
2924,6920.79931640625
2923,6958.734375
2922,6740.87158203125
2921,6527.41943359375
2920,6357.6796875
2919,6106.60302734375
2918,5871.4921875
2917,5629.78759765625
2916,5379.583984375
2915,5184.71240234375
2914,5003.35302734375
2913,4881.0908203125
2912,4813.48291015625
2911,4635.87158203125
2910,4501.677734375
2909,4423.21484375
2908,4268.51416015625
2907,4203.58349609375
2906,4189.0322265625
2905,4135.7822265625
2904,4089.88061523438
2903,4052.84521484375
2902,4038.81103515625
2901,4054.39624023438
2900,4038.2080078125
2899,4008.00048828125
2898,3984.97290039063
2897,3951.58325195313
2896,3941.41430664063
2895,3950.48388671875
2894,3948.70678710938
2893,3933.57177734375
2892,3911.15551757813
2891,3918.93872070313
2890,3978.11889648438
2889,3952.54931640625
2888,3919.58666992188
2887,3975.99755859375
2886,3976.05688476563
2885,3977.74926757813
2884,4091.05737304688
2883,4351.91064453125
2882,4684.64306640625
2881,5034.716796875
2880,5457.5673828125
2879,6035.16552734375
2878,6245.84619140625
2877,5857.98974609375
2876,5181.54150390625
2875,4642.87939453125
2874,4373.83154296875
2873,4279.70068359375
2872,4213.05126953125
2871,4150.82763671875
2870,4123.99658203125
2869,4158.80322265625
2868,4234.26025390625
2867,4306.33935546875
2866,4365.982421875
2865,4463.1318359375
2864,4618.47705078125
2863,4813.04248046875
2862,5045.94140625
2861,5412.595703125
2860,5877.66162109375
2859,6386.94384765625
2858,6956.41845703125
2857,7546.21875
2856,8135.59375
2855,8682.484375
2854,9028.4560546875
2853,9143.3681640625
2852,9056.59375
2851,8764.375
2850,8220.623046875
2849,7538.7802734375
2848,6914.5185546875
2847,6371.755859375
2846,5826.82421875
2845,5259.3857421875
2844,4779.923828125
2843,4407.26904296875
2842,4085.43969726563
2841,3760.81372070313
2840,3481.64477539063
2839,3271.29028320313
2838,3081.21630859375
2837,2835.0390625
2836,2665.62646484375
2835,2561.18359375
2834,2395.86157226563
2833,2229.99975585938
2832,2100.24560546875
2831,1992.26391601563
2830,1874.16235351563
2829,1784.86401367188
2828,1720.65856933594
2827,1631.53149414063
2826,1516.26647949219
2825,1434.07556152344
2824,1391.75744628906
2823,1294.49365234375
2822,1220.46520996094
2821,1185.75
2820,1120.74975585938
2819,1070.72802734375
2818,1031.71435546875
2817,978.321105957031
2816,927.965576171875
2815,901.810119628906
2814,875.417846679688
2813,810.211730957031
2812,778.841552734375
2811,750.815795898438
2810,683.931274414063
2809,666.636901855469
2808,659.947143554688
2807,630.824096679688
2806,613.341186523438
2805,591.297485351563
2804,579.989135742188
2803,590.272827148438
2802,559.343139648438
2801,532.374450683594
2800,542.781555175781
2799,541.228515625
2798,532.172668457031
2797,513.020629882813
2796,478.106201171875
2795,464.569793701172
2794,464.260620117188
2793,447.333404541016
2792,403.590972900391
2791,363.519470214844
2790,356.035522460938
2789,373.824615478516
2788,351.962646484375
2787,322.285308837891
2786,328.994689941406
2785,316.387298583984
2784,304.139282226563
2783,309.185821533203
2782,304.589782714844
2781,277.382843017578
2780,262.304504394531
2779,282.757232666016
2778,268.121520996094
2777,246.916580200195
2776,255.378570556641
2775,261.492340087891
2774,252.689666748047
2773,241.818405151367
2772,244.901184082031
2771,240.375152587891
2770,233.532379150391
2769,237.353790283203
2768,240.091705322266
2767,229.424713134766
2766,215.11051940918
2765,219.465270996094
2764,218.607498168945
2763,216.056182861328
2762,226.178421020508
2761,221.611129760742
2760,208.103622436523
2759,200.568588256836
2758,197.535537719727
2757,197.4072265625
2756,198.232681274414
2755,197.342315673828
2754,192.327484130859
2753,182.415390014648
2752,172.782241821289
2751,174.855010986328
2750,176.465637207031
2749,167.50456237793
2748,155.395874023438
2747,151.885177612305
2746,155.655395507813
2745,156.645370483398
2744,154.093139648438
2743,150.058197021484
2742,145.864074707031
2741,140.789199829102
2740,136.79719543457
2739,137.287384033203
2738,143.271820068359
2737,145.843811035156
2736,143.862075805664
2735,142.402908325195
2734,141.412857055664
2733,133.333389282227
2732,123.974609375
2731,137.072463989258
2730,147.270629882813
2729,140.867065429688
2728,133.205062866211
2727,129.751647949219
2726,132.196899414063
2725,141.148864746094
2724,154.577041625977
2723,152.101058959961
2722,139.812866210938
2721,161.601257324219
2720,177.215148925781
2719,165.403610229492
2718,153.047119140625
2717,157.386077880859
2716,170.366439819336
2715,177.606887817383
2714,186.363174438477
2713,196.583389282227
2712,205.495178222656
2711,214.940368652344
2710,231.289627075195
2709,248.861923217773
2708,254.485610961914
2707,257.693023681641
2706,268.01708984375
2705,286.572357177734
2704,305.188049316406
2703,327.581573486328
2702,358.629821777344
2701,395.904541015625
2700,444.351470947266
2699,494.530456542969
2698,525.755004882813
2697,543.955444335938
2696,538.7001953125
2695,508.652221679688
2694,509.183349609375
2693,517.813842773438
2692,501.811248779297
2691,488.178680419922
2690,485.330932617188
2689,491.258941650391
2688,500.552001953125
2687,500.517028808594
2686,493.646362304688
2685,490.040832519531
2684,481.783477783203
2683,470.798767089844
2682,465.977416992188
2681,471.406005859375
2680,471.312072753906
2679,464.329650878906
2678,474.630767822266
2677,501.042358398438
2676,523.089233398438
2675,525.5546875
2674,542.386596679688
2673,575.994567871094
2672,609.027099609375
2671,645.565002441406
2670,689.028747558594
2669,735.250061035156
2668,775.070251464844
2667,822.412841796875
2666,882.459716796875
2665,937.032470703125
2664,955.904541015625
2663,926.279174804688
2662,861.407409667969
2661,796.935791015625
2660,746.177795410156
2659,700.545104980469
2658,645.090576171875
2657,598.561096191406
2656,563.124450683594
2655,510.032043457031
2654,486.195770263672
2653,478.272155761719
2652,421.757202148438
2651,391.40771484375
2650,405.132202148438
2649,412.711303710938
2648,378.378875732422
2647,343.927307128906
2646,347.456298828125
2645,343.701843261719
2644,328.316864013672
2643,312.459320068359
2642,300.566925048828
2641,305.736968994141
2640,321.85986328125
2639,329.933929443359
2638,345.823028564453
2637,373.873443603516
2636,411.55517578125
2635,472.576446533203
2634,515.820068359375
2633,513.218200683594
2632,514.036315917969
2631,483.5244140625
2630,409.309112548828
2629,359.503356933594
2628,348.450073242188
2627,348.172424316406
2626,324.261871337891
2625,308.779205322266
2624,305.590026855469
2623,296.319458007813
2622,299.578582763672
2621,297.113555908203
2620,274.965850830078
2619,276.353729248047
2618,273.224639892578
2617,249.709762573242
2616,256.269439697266
2615,267.752960205078
2614,266.378509521484
2613,271.619140625
2612,268.941772460938
2611,264.825408935547
2610,278.750762939453
2609,280.648803710938
2608,275.727935791016
2607,284.498016357422
2606,285.216888427734
2605,273.832763671875
2604,261.670745849609
2603,260.842895507813
2602,268.528106689453
2601,273.588897705078
2600,266.040740966797
2599,254.810745239258
2598,244.524703979492
2597,232.041366577148
2596,231.151016235352
2595,234.073715209961
2594,221.604858398438
2593,211.070297241211
2592,206.697052001953
2591,204.853012084961
2590,214.651504516602
2589,212.49658203125
2588,189.041931152344
2587,190.045608520508
2586,200.57585144043
2585,198.875946044922
2584,197.029891967773
2583,203.562835693359
2582,211.440765380859
2581,205.484359741211
2580,202.807968139648
2579,207.659423828125
2578,206.088897705078
2577,194.306091308594
2576,185.240921020508
2575,189.795059204102
2574,186.769638061523
2573,181.262100219727
2572,186.075790405273
2571,189.507034301758
2570,185.350387573242
2569,176.584533691406
2568,172.664306640625
2567,172.489639282227
2566,169.99870300293
2565,161.838287353516
2564,160.826461791992
2563,165.485076904297
2562,159.623153686523
2561,155.737655639648
2560,162.207061767578
2559,173.695358276367
2558,176.492721557617
2557,169.190277099609
2556,161.85107421875
2555,164.895919799805
2554,168.078231811523
2553,163.819381713867
2552,173.015731811523
2551,174.900894165039
2550,157.389282226563
2549,157.989334106445
2548,166.530334472656
2547,167.472198486328
2546,168.781723022461
2545,169.334457397461
2544,164.867065429688
2543,154.605117797852
2542,149.346481323242
2541,155.783218383789
2540,168.147155761719
2539,164.37158203125
2538,153.209655761719
2537,159.209136962891
2536,164.839553833008
2535,163.022766113281
2534,161.385147094727
2533,168.019668579102
2532,168.90771484375
2531,156.626098632813
2530,161.429809570313
2529,166.644897460938
2528,156.458023071289
2527,159.446273803711
2526,160.727172851563
2525,150.242523193359
2524,152.63249206543
2523,159.420043945313
2522,157.994216918945
2521,151.214309692383
2520,156.37678527832
2519,165.590286254883
2518,151.767562866211
2517,145.764312744141
2516,148.285125732422
2515,132.591125488281
2514,132.44255065918
2513,142.578414916992
2512,133.893020629883
2511,138.97021484375
2510,149.655410766602
2509,138.369705200195
2508,127.898658752441
2507,129.825424194336
2506,137.7294921875
2505,135.52815246582
2504,129.912826538086
2503,129.418746948242
2502,122.282196044922
2501,119.460060119629
2500,129.570617675781
2499,137.34033203125
2498,138.139831542969
2497,136.451202392578
2496,139.878356933594
2495,143.384017944336
2494,146.804382324219
2493,158.104949951172
2492,159.725158691406
2491,155.26530456543
2490,172.747909545898
2489,189.189147949219
2488,198.488647460938
2487,217.676879882813
2486,219.460327148438
2485,206.317504882813
2484,207.482238769531
2483,206.101440429688
2482,192.192321777344
2481,175.989974975586
2480,180.81169128418
2479,189.08757019043
2478,172.748504638672
2477,167.098999023438
2476,177.185409545898
2475,185.435256958008
2474,191.170715332031
2473,190.698883056641
2472,183.164138793945
2471,181.065292358398
2470,181.130157470703
2469,179.415054321289
2468,189.162933349609
2467,198.602874755859
2466,196.782653808594
2465,198.818893432617
2464,196.239242553711
2463,186.707733154297
2462,195.01188659668
2461,202.909271240234
2460,197.751434326172
2459,203.531463623047
2458,211.001449584961
2457,210.609710693359
2456,212.435775756836
2455,213.351104736328
2454,211.623321533203
2453,213.352264404297
2452,214.551132202148
2451,209.4267578125
2450,196.760131835938
2449,185.925704956055
2448,182.625228881836
2447,182.516860961914
2446,174.154586791992
2445,161.826354980469
2444,163.371368408203
2443,168.254043579102
2442,164.742248535156
2441,153.011642456055
2440,150.813430786133
2439,157.643676757813
2438,155.117172241211
2437,144.679718017578
2436,135.494750976563
2435,135.96794128418
2434,142.511032104492
2433,149.914001464844
2432,154.002532958984
2431,151.152221679688
2430,149.951644897461
2429,161.438293457031
2428,170.199310302734
2427,165.791900634766
2426,151.010650634766
2425,141.679168701172
2424,140.627822875977
2423,140.908889770508
2422,143.394866943359
2421,141.934066772461
2420,132.298706054688
2419,133.656982421875
2418,140.931198120117
2417,138.330490112305
2416,139.483993530273
2415,139.943725585938
2414,131.089691162109
2413,137.21826171875
2412,145.276885986328
2411,130.62451171875
2410,119.438896179199
2409,124.112739562988
2408,135.052932739258
2407,129.210235595703
2406,119.468254089355
2405,127.158592224121
2404,129.374435424805
2403,128.172058105469
2402,135.000335693359
2401,130.808990478516
2400,116.531257629395
2399,108.109130859375
2398,114.946166992188
2397,122.768264770508
2396,115.125762939453
2395,107.495475769043
2394,105.562423706055
2393,104.704307556152
2392,100.35334777832
2391,99.2715072631836
2390,111.435913085938
2389,134.468505859375
2388,149.244354248047
2387,144.232315063477
2386,149.160339355469
2385,152.35124206543
2384,130.735565185547
2383,114.179023742676
2382,114.492057800293
2381,121.393447875977
2380,116.609939575195
2379,105.656402587891
2378,106.448715209961
2377,121.831367492676
2376,133.998092651367
2375,126.836204528809
2374,122.83617401123
2373,131.108322143555
2372,141.690872192383
2371,134.591125488281
2370,126.013305664063
2369,139.27360534668
2368,139.104049682617
2367,128.279998779297
2366,132.841781616211
2365,136.854568481445
2364,133.257858276367
2363,129.220718383789
2362,133.489364624023
2361,142.103164672852
2360,143.981674194336
2359,140.001083374023
2358,137.795333862305
2357,143.792953491211
2356,148.395919799805
2355,150.842178344727
2354,157.053085327148
2353,157.966888427734
2352,157.774032592773
2351,168.509826660156
2350,172.623565673828
2349,162.779571533203
2348,150.984619140625
2347,156.407608032227
2346,170.554351806641
2345,164.821731567383
2344,155.636047363281
2343,151.08479309082
2342,140.854782104492
2341,136.587951660156
2340,142.235595703125
2339,145.478271484375
2338,138.045028686523
2337,124.662048339844
2336,121.404296875
2335,127.940170288086
2334,133.069366455078
2333,124.677093505859
2332,124.478477478027
2331,137.747406005859
2330,134.673675537109
2329,129.792144775391
2328,133.230621337891
2327,123.572311401367
2326,114.987251281738
2325,119.125755310059
2324,117.415496826172
2323,111.392845153809
2322,110.02912902832
2321,114.532211303711
2320,116.172401428223
2319,109.608093261719
2318,105.358108520508
2317,107.663345336914
2316,113.500900268555
2315,114.462707519531
2314,105.558082580566
2313,91.2150955200195
2312,90.8947219848633
2311,100.756996154785
2310,104.063499450684
2309,98.1811828613281
2308,90.3097686767578
2307,89.8343048095703
2306,95.0716781616211
2305,96.5266952514648
2304,87.7497024536133
2303,88.5738143920898
2302,97.7359924316406
2301,96.248176574707
2300,95.395637512207
2299,96.8734588623047
2298,88.388427734375
2297,77.6375274658203
2296,76.1324157714844
2295,88.5286483764648
2294,97.3430099487305
2293,95.0803909301758
2292,94.7793807983398
2291,95.9271240234375
2290,93.722282409668
2289,86.8457717895508
2288,84.0414581298828
2287,88.2396621704102
2286,87.2116012573242
2285,84.5739212036133
2284,84.6712799072266
2283,78.1640090942383
2282,71.0251770019531
2281,70.8961944580078
2280,68.8443145751953
2279,69.5690155029297
2278,78.3453598022461
2277,76.6251907348633
2276,69.5736846923828
2275,74.9437713623047
2274,85.836540222168
2273,90.7041778564453
2272,84.5605163574219
2271,84.7572860717773
2270,91.6818161010742
2269,89.4311370849609
2268,85.7328186035156
2267,84.9185180664063
2266,83.1018447875977
2265,92.7754745483398
2264,107.495330810547
2263,97.215446472168
2262,87.2045745849609
2261,96.6223297119141
2260,103.470344543457
2259,106.900100708008
2258,111.285026550293
2257,110.840454101563
2256,110.086456298828
2255,112.415161132813
2254,106.832710266113
2253,101.954246520996
2252,110.041488647461
2251,116.926811218262
2250,115.419624328613
2249,108.563636779785
2248,104.183013916016
2247,105.792984008789
2246,111.528518676758
2245,117.108001708984
2244,120.597640991211
2243,122.282249450684
2242,118.249687194824
2241,113.495536804199
2240,121.077026367188
2239,123.256721496582
2238,112.32804107666
2237,110.769760131836
2236,112.453498840332
2235,109.414619445801
2234,115.214668273926
2233,122.252532958984
2232,120.638481140137
2231,124.72924041748
2230,133.551116943359
2229,136.94889831543
2228,135.718002319336
2227,134.837280273438
2226,138.27018737793
2225,140.075347900391
2224,140.645721435547
2223,144.943389892578
2222,139.1943359375
2221,125.621292114258
2220,126.593795776367
2219,125.379379272461
2218,112.646179199219
2217,110.213912963867
2216,116.477142333984
2215,123.361366271973
2214,132.448638916016
2213,135.197540283203
2212,124.683372497559
2211,113.546669006348
2210,114.633102416992
2209,128.830184936523
2208,127.878280639648
2207,114.822242736816
2206,116.634971618652
2205,123.316040039063
2204,124.894165039063
2203,121.823631286621
2202,112.720657348633
2201,104.634490966797
2200,112.562240600586
2199,116.703300476074
2198,103.921821594238
2197,97.9607772827148
2196,103.288597106934
2195,110.322608947754
2194,107.413185119629
2193,98.052734375
2192,92.8219833374023
2191,91.3698196411133
2190,92.8223876953125
2189,96.8426361083984
2188,99.6593551635742
2187,97.4157257080078
2186,89.3210296630859
2185,85.9495239257813
2184,88.2520141601563
2183,82.2992935180664
2182,86.6650238037109
2181,106.705047607422
2180,100.630661010742
2179,84.7892456054688
2178,90.4151458740234
2177,95.4874954223633
2176,90.3512725830078
2175,81.9718322753906
2174,80.3099060058594
2173,82.8622589111328
2172,78.8448867797852
2171,77.4033203125
2170,82.233154296875
2169,84.3644485473633
2168,85.3401718139648
2167,86.9387130737305
2166,85.3175888061523
2165,88.5021438598633
2164,99.8167190551758
2163,99.671501159668
2162,93.725341796875
2161,96.7866134643555
2160,92.9419708251953
2159,84.8797836303711
2158,90.3149871826172
2157,96.1046447753906
2156,91.9493789672852
2155,82.4044342041016
2154,79.3819808959961
2153,85.0751113891602
2152,84.207649230957
2151,79.011833190918
2150,78.4426727294922
2149,84.1545639038086
2148,86.4996337890625
2147,77.6738204956055
2146,75.9173889160156
2145,82.7411346435547
2144,83.0963897705078
2143,76.6784133911133
2142,73.9072036743164
2141,87.5985412597656
2140,95.8095397949219
2139,86.1629943847656
2138,82.0950622558594
2137,82.6097412109375
2136,79.3371810913086
2135,80.5030212402344
2134,83.9340896606445
2133,82.1164321899414
2132,80.6085357666016
2131,82.6743240356445
2130,85.6231842041016
2129,82.6681365966797
2128,77.5251693725586
2127,85.1121292114258
2126,87.1790466308594
2125,73.9194869995117
2124,75.689582824707
2123,82.8479232788086
2122,75.5210494995117
2121,77.6610107421875
2120,89.912223815918
2119,91.9156723022461
2118,82.9941177368164
2117,75.615966796875
2116,85.3904418945313
2115,91.4760284423828
2114,81.9428176879883
2113,78.7068710327148
2112,79.6559295654297
2111,75.457893371582
2110,72.8175582885742
2109,71.7819442749023
2108,68.2613525390625
2107,66.7426223754883
2106,67.8522186279297
2105,66.9632110595703
2104,63.4239768981934
2103,59.4161643981934
2102,58.5677795410156
2101,58.8085289001465
2100,56.9831390380859
2099,53.726619720459
2098,51.9080047607422
2097,53.7333183288574
2096,55.6062088012695
2095,55.908317565918
2094,55.695629119873
2093,54.0928726196289
2092,52.6618347167969
2091,56.1253204345703
2090,60.6244583129883
2089,60.3805503845215
2088,54.4658317565918
2087,48.672004699707
2086,49.7227668762207
2085,54.5929718017578
2084,58.7812080383301
2083,58.9256820678711
2082,55.1773529052734
2081,50.5018997192383
2080,49.5876579284668
2079,51.3566818237305
2078,51.854076385498
2077,47.7053718566895
2076,47.4054298400879
2075,58.7637481689453
2074,62.8257102966309
2073,57.1997375488281
2072,58.1710624694824
2071,66.2835693359375
2070,73.6576614379883
2069,70.3131713867188
2068,67.3645935058594
2067,74.1951370239258
2066,74.8707885742188
2065,68.6698226928711
2064,65.1291198730469
2063,62.8411293029785
2062,63.4120979309082
2061,71.1012115478516
2060,72.7545394897461
2059,63.7591743469238
2058,61.1926536560059
2057,65.8005218505859
2056,69.721435546875
2055,68.4940185546875
2054,65.9503631591797
2053,69.1781845092773
2052,73.403434753418
2051,74.1752166748047
2050,71.5104598999023
2049,68.239501953125
2048,66.4205551147461
2047,64.8355255126953
2046,62.7080917358398
2045,60.4309387207031
2044,60.206657409668
2043,60.9806022644043
2042,59.4058113098145
2041,57.4012565612793
2040,56.2834434509277
2039,54.9251327514648
2038,58.3568077087402
2037,66.8940277099609
2036,64.5152893066406
2035,53.7396392822266
2034,49.1663475036621
2033,51.9039268493652
2032,55.9128265380859
2031,52.5156784057617
2030,44.9313201904297
2029,40.0890960693359
2028,42.3434638977051
2027,46.1031150817871
2026,44.9361839294434
2025,46.8718109130859
2024,50.9313507080078
2023,48.2340507507324
2022,45.9066848754883
2021,46.6288986206055
2020,40.8151359558105
2019,35.9178466796875
2018,40.1964111328125
2017,42.3179244995117
2016,40.0041275024414
2015,39.5566024780273
2014,42.7038612365723
2013,46.7070617675781
2012,45.9674339294434
2011,43.7031326293945
2010,43.8329925537109
2009,43.8966064453125
2008,42.9412651062012
2007,41.9118270874023
2006,42.6801681518555
2005,44.796329498291
2004,45.6372718811035
2003,46.3162727355957
2002,47.7312240600586
2001,47.9783020019531
2000,46.8803672790527
1999,45.4944152832031
1998,44.8049392700195
1997,44.9783935546875
1996,46.0425834655762
1995,51.3858757019043
1994,57.9796028137207
1993,52.8698959350586
1992,44.4720268249512
1991,45.9461097717285
1990,49.8663215637207
1989,52.8095588684082
1988,57.6550483703613
1987,64.6292037963867
1986,71.717155456543
1985,75.2301025390625
1984,74.7520294189453
1983,73.2429275512695
1982,77.2400894165039
1981,84.8150253295898
1980,88.5744857788086
1979,91.1541748046875
1978,93.8694076538086
1977,92.9007797241211
1976,90.8722152709961
1975,92.2280654907227
1974,97.4312896728516
1973,102.009460449219
1972,100.326698303223
1971,97.0651931762695
1970,95.4419860839844
1969,93.1595077514648
1968,90.6775588989258
1967,89.3226547241211
1966,88.848503112793
1965,88.0861587524414
1964,86.5091018676758
1963,88.5470581054688
1962,92.249397277832
1961,87.5068969726563
1960,83.0757904052734
1959,86.8237380981445
1958,83.6562881469727
1957,78.0353469848633
1956,86.3265762329102
1955,95.1279373168945
1954,94.1390228271484
1953,88.422233581543
1952,79.2838287353516
1951,69.1132354736328
1950,67.9527893066406
1949,70.20361328125
1948,62.4369964599609
1947,60.3277969360352
1946,69.48046875
1945,70.7066650390625
1944,64.0570831298828
1943,58.4152984619141
1942,56.7825660705566
1941,58.0027923583984
1940,58.9607963562012
1939,61.0211944580078
1938,62.7457847595215
1937,57.3902359008789
1936,50.6693878173828
1935,50.2038879394531
1934,48.780876159668
1933,46.9002418518066
1932,52.0909957885742
1931,54.7759017944336
1930,49.5378608703613
1929,47.3931198120117
1928,48.0708389282227
1927,45.5049629211426
1926,40.937614440918
1925,38.832347869873
1924,43.5743942260742
1923,47.270622253418
1922,44.7673873901367
1921,44.8859100341797
1920,47.1313209533691
1919,45.6467399597168
1918,43.367488861084
1917,41.6669044494629
1916,38.3651084899902
1915,38.919017791748
1914,45.1822776794434
1913,43.7458534240723
1912,39.0918006896973
1911,45.9937133789063
1910,51.9644050598145
1909,49.6805686950684
1908,49.7099571228027
1907,52.4181861877441
1906,53.4105606079102
1905,52.5126304626465
1904,52.8122138977051
1903,58.3155212402344
1902,64.5482482910156
1901,66.5464248657227
1900,64.0581436157227
1899,61.0877876281738
1898,61.1524391174316
1897,57.8985862731934
1896,52.4221839904785
1895,55.070499420166
1894,61.0840148925781
1893,63.106502532959
1892,62.8732490539551
1891,60.3248596191406
1890,54.6103363037109
1889,52.1765823364258
1888,56.4005355834961
1887,62.812614440918
1886,64.9807205200195
1885,59.861499786377
1884,56.0013275146484
1883,56.1357879638672
1882,55.4129638671875
1881,52.090087890625
1880,49.2032890319824
1879,55.469425201416
1878,65.2355270385742
1877,66.0735397338867
1876,60.8957481384277
1875,57.6420211791992
1874,63.9884223937988
1873,71.806770324707
1872,70.7428512573242
1871,65.0471801757813
1870,62.0376052856445
1869,67.2738189697266
1868,73.2720794677734
1867,72.2720336914063
1866,64.6074523925781
1865,59.2038116455078
1864,63.285285949707
1863,59.4851455688477
1862,48.5356101989746
1861,56.1788368225098
1860,66.5633010864258
1859,60.3934020996094
1858,60.4123764038086
1857,69.6235809326172
1856,70.3775787353516
1855,64.324104309082
1854,59.8513259887695
1853,64.2988433837891
1852,71.3016662597656
1851,70.4015121459961
1850,69.6044845581055
1849,71.4674072265625
1848,67.619384765625
1847,64.2961196899414
1846,69.1882095336914
1845,74.2463455200195
1844,72.9137573242188
1843,64.2848739624023
1842,57.229362487793
1841,58.4226226806641
1840,63.8559417724609
1839,68.2329025268555
1838,67.816780090332
1837,65.3814926147461
1836,63.5873680114746
1835,62.8480377197266
1834,65.8506011962891
1833,73.0431976318359
1832,74.93505859375
1831,73.6569519042969
1830,81.6032104492188
1829,84.1219100952148
1828,72.2121429443359
1827,71.4693069458008
1826,79.1772994995117
1825,74.0624771118164
1824,74.7942047119141
1823,87.8431243896484
1822,83.159049987793
1821,70.0323486328125
1820,74.6498641967773
1819,87.2836837768555
1818,95.5705261230469
1817,95.0589370727539
1816,89.4968948364258
1815,84.7803421020508
1814,82.4535980224609
1813,82.2275238037109
1812,82.7939987182617
1811,83.398681640625
1810,83.5100479125977
1809,82.5143661499023
1808,78.5975189208984
1807,71.2787551879883
1806,70.4101943969727
1805,77.2651901245117
1804,75.9314651489258
1803,68.0436096191406
1802,64.3292770385742
1801,64.8383331298828
1800,65.0849533081055
1799,59.7079391479492
1798,59.0769805908203
1797,70.375244140625
1796,70.6602249145508
1795,60.7646751403809
1794,66.0406036376953
1793,72.1838912963867
1792,64.2562789916992
1791,61.7987632751465
1790,70.4140777587891
1789,79.7331848144531
1788,80.0578384399414
1787,74.1953964233398
1786,84.97216796875
1785,109.059692382813
1784,127.119522094727
1783,136.957015991211
1782,142.546569824219
1781,149.976913452148
1780,162.175872802734
1779,177.090744018555
1778,182.651718139648
1777,170.082992553711
1776,140.110488891602
1775,115.795516967773
1774,114.613647460938
1773,109.720962524414
1772,94.3807830810547
1771,88.0522155761719
1770,88.3936386108398
1769,88.0168762207031
1768,89.6350784301758
1767,90.656608581543
1766,85.0222396850586
1765,81.355598449707
1764,84.2786254882813
1763,81.4778823852539
1762,77.2740097045898
1761,84.8495712280273
1760,90.7996520996094
1759,86.7384414672852
1758,85.2164077758789
1757,86.3810958862305
1756,84.3324661254883
1755,87.9428253173828
1754,94.0109405517578
1753,80.0705184936523
1752,66.4318084716797
1751,81.1334991455078
1750,88.8761367797852
1749,77.268310546875
1748,77.6296081542969
1747,84.6427917480469
1746,82.1604385375977
1745,83.4050903320313
1744,89.373046875
1743,83.8429946899414
1742,77.2952575683594
1741,82.3175506591797
1740,83.3031616210938
1739,75.7196197509766
1738,70.8104782104492
1737,74.958740234375
1736,87.2625045776367
1735,95.4798889160156
1734,97.2224044799805
1733,98.9454193115234
1732,94.470344543457
1731,83.1181106567383
1730,85.417121887207
1729,99.2981109619141
1728,104.567504882813
1727,102.872283935547
1726,99.6820602416992
1725,93.5132904052734
1724,93.6658935546875
1723,111.938697814941
1722,126.061485290527
1721,121.831504821777
1720,118.479766845703
1719,119.482437133789
1718,116.18913269043
1717,111.120071411133
1716,108.506141662598
1715,109.493194580078
1714,111.441864013672
1713,111.017753601074
1712,112.455154418945
1711,116.715087890625
1710,116.836349487305
1709,115.460502624512
1708,118.87882232666
1707,120.003082275391
1706,116.19807434082
1705,116.260078430176
1704,118.480758666992
1703,118.623718261719
1702,131.184265136719
1701,150.644790649414
1700,140.138122558594
1699,125.576713562012
1698,149.678314208984
1697,165.020858764648
1696,151.080642700195
1695,153.350204467773
1694,165.597290039063
1693,160.5751953125
1692,161.466735839844
1691,176.580383300781
1690,178.979553222656
1689,175.594192504883
1688,185.510345458984
1687,192.090744018555
1686,186.519088745117
1685,182.120101928711
1684,183.632781982422
1683,188.309906005859
1682,188.684371948242
1681,183.147552490234
1680,179.740280151367
1679,183.750946044922
1678,194.807800292969
1677,199.641372680664
1676,195.27018737793
1675,196.416244506836
1674,201.59944152832
1673,200.892211914063
1672,193.183990478516
1671,188.045059204102
1670,204.547866821289
1669,226.660598754883
1668,227.286758422852
1667,223.275436401367
1666,228.715698242188
1665,237.496124267578
1664,248.493942260742
1663,262.980499267578
1662,274.523193359375
1661,283.466430664063
1660,302.60595703125
1659,327.088043212891
1658,343.992889404297
1657,360.051147460938
1656,380.779724121094
1655,401.253173828125
1654,422.542938232422
1653,448.842407226563
1652,476.014862060547
1651,505.291168212891
1650,550.444885253906
1649,607.703125
1648,663.493591308594
1647,726.095153808594
1646,803.681884765625
1645,892.115905761719
1644,1000.35015869141
1643,1144.49951171875
1642,1316.17712402344
1641,1510.15771484375
1640,1744.50366210938
1639,2032.51196289063
1638,2373.71923828125
1637,2726.32983398438
1636,3055.17407226563
1635,3372.85546875
1634,3669.66845703125
1633,3906.84399414063
1632,4036.98486328125
1631,4029.43725585938
1630,3902.58520507813
1629,3662.38012695313
1628,3302.41455078125
1627,2882.42309570313
1626,2479.55200195313
1625,2133.95874023438
1624,1859.90246582031
1623,1649.39379882813
1622,1499.81262207031
1621,1404.0576171875
1620,1330.06420898438
1619,1256.83728027344
1618,1186.93737792969
1617,1145.24084472656
1616,1152.86608886719
1615,1173.36096191406
1614,1197.49072265625
1613,1271.83129882813
1612,1378.12109375
1611,1469.36193847656
1610,1572.39501953125
1609,1712.58435058594
1608,1876.38903808594
1607,2029.35632324219
1606,2136.927734375
1605,2229.54028320313
1604,2317.05810546875
1603,2330.02026367188
1602,2274.31909179688
1601,2216.990234375
1600,2140.95263671875
1599,2015.89013671875
1598,1858.03649902344
1597,1689.7373046875
1596,1530.13244628906
1595,1380.25512695313
1594,1234.21569824219
1593,1090.04077148438
1592,965.417419433594
1591,893.372863769531
1590,835.324523925781
1589,743.5146484375
1588,674.066711425781
1587,648.788391113281
1586,611.490966796875
1585,568.429809570313
1584,558.554443359375
1583,569.353820800781
1582,576.524963378906
1581,562.114074707031
1580,543.997131347656
1579,558.143188476563
1578,588.891174316406
1577,609.404602050781
1576,607.646728515625
1575,589.8974609375
1574,574.447387695313
1573,554.237060546875
1572,519.124755859375
1571,480.232177734375
1570,449.382263183594
1569,432.674072265625
1568,415.569641113281
1567,383.229431152344
1566,356.742248535156
1565,346.489807128906
1564,336.562255859375
1563,322.343719482422
1562,307.866088867188
1561,296.045776367188
1560,290.229370117188
1559,294.471710205078
1558,299.980346679688
1557,291.743835449219
1556,281.898803710938
1555,283.388702392578
1554,287.369598388672
1553,293.136108398438
1552,309.539764404297
1551,325.565887451172
1550,328.969818115234
1549,334.292877197266
1548,359.795379638672
1547,417.953033447266
1546,480.931213378906
1545,511.819793701172
1544,540.006530761719
1543,585.74267578125
1542,622.935119628906
1541,645.431884765625
1540,660.049499511719
1539,632.775573730469
1538,546.902770996094
1537,460.095703125
1536,395.096313476563
1535,330.584167480469
1534,281.543273925781
1533,266.826232910156
1532,258.171600341797
1531,241.214004516602
1530,232.973190307617
1529,231.936370849609
1528,226.697860717773
1527,222.309722900391
1526,223.98063659668
1525,228.246475219727
1524,230.117431640625
1523,226.120483398438
1522,225.491592407227
1521,233.999847412109
1520,235.753936767578
1519,229.403472900391
1518,232.507080078125
1517,239.946929931641
1516,239.175506591797
1515,238.350128173828
1514,245.22053527832
1513,258.445281982422
1512,268.600280761719
1511,266.753967285156
1510,276.043487548828
1509,307.356079101563
1508,320.573059082031
1507,310.474212646484
1506,311.794586181641
1505,328.16015625
1504,348.615386962891
1503,366.838043212891
1502,384.515930175781
1501,412.223510742188
1500,443.206237792969
1499,463.379028320313
1498,483.163269042969
1497,513.050903320313
1496,547.817565917969
1495,578.955993652344
1494,597.913269042969
1493,605.203186035156
1492,606.168273925781
1491,608.376953125
1490,617.658386230469
1489,636.04150390625
1488,656.082397460938
1487,667.2978515625
1486,673.244567871094
1485,679.835571289063
1484,689.268188476563
1483,701.409240722656
1482,716.272338867188
1481,747.960693359375
1480,799.443115234375
1479,821.613403320313
1478,815.532104492188
1477,858.361999511719
1476,935.9794921875
1475,985.422058105469
1474,1017.27069091797
1473,1064.63427734375
1472,1158.5087890625
1471,1270.26696777344
1470,1328.07409667969
1469,1375.0126953125
1468,1477.44213867188
1467,1602.43872070313
1466,1713.87670898438
1465,1800.84057617188
1464,1857.64807128906
1463,1887.37353515625
1462,1926.55126953125
1461,2001.34948730469
1460,2091.54956054688
1459,2207.77294921875
1458,2390.873046875
1457,2600.56665039063
1456,2787.98120117188
1455,3024.51293945313
1454,3324.6591796875
1453,3573.90478515625
1452,3791.59301757813
1451,4085.81640625
1450,4406.1865234375
1449,4674.02685546875
1448,4892.20263671875
1447,5076.15966796875
1446,5237.45849609375
1445,5354.11279296875
1444,5389.37890625
1443,5328.13916015625
1442,5179.76611328125
1441,4987.93212890625
1440,4764.04736328125
1439,4492.39208984375
1438,4205.77783203125
1437,3941.84448242188
1436,3683.65258789063
1435,3435.37841796875
1434,3244.00219726563
1433,3096.84985351563
1432,2946.51147460938
1431,2804.85571289063
1430,2690.32202148438
1429,2588.41625976563
1428,2498.52807617188
1427,2439.4072265625
1426,2406.39672851563
1425,2380.39965820313
1424,2340.22827148438
1423,2284.43041992188
1422,2247.92016601563
1421,2227.11059570313
1420,2186.13134765625
1419,2141.701171875
1418,2120.91455078125
1417,2106.11450195313
1416,2076.84692382813
1415,2023.72021484375
1414,1959.33618164063
1413,1907.86901855469
1412,1868.76623535156
1411,1827.6689453125
1410,1758.41223144531
1409,1656.96240234375
1408,1547.62670898438
1407,1436.83740234375
1406,1322.2060546875
1405,1217.009765625
1404,1128.75634765625
1403,1043.22241210938
1402,953.750427246094
1401,866.140197753906
1400,800.43994140625
1399,771.720642089844
1398,749.124206542969
1397,709.380065917969
1396,662.614135742188
1395,622.771362304688
1394,601.473266601563
1393,591.455810546875
1392,580.587158203125
1391,567.566955566406
1390,551.83056640625
1389,531.377563476563
1388,515.860595703125
1387,518.495788574219
1386,518.999328613281
1385,499.422576904297
1384,482.800231933594
1383,478.804748535156
1382,471.051971435547
1381,459.905517578125
1380,455.139526367188
1379,449.672454833984
1378,439.569244384766
1377,441.601806640625
1376,456.972747802734
1375,466.299346923828
1374,469.016540527344
1373,473.999084472656
1372,477.429748535156
1371,478.308380126953
1370,489.4072265625
1369,511.257263183594
1368,530.127746582031
1367,542.051879882813
1366,550.558288574219
1365,566.309753417969
1364,595.465209960938
1363,631.84375
1362,676.104431152344
1361,734.1044921875
1360,784.587097167969
1359,808.236022949219
1358,847.086303710938
1357,926.02099609375
1356,1011.67456054688
1355,1094.31982421875
1354,1190.12658691406
1353,1295.47583007813
1352,1400.89990234375
1351,1511.8583984375
1350,1622.29626464844
1349,1701.67260742188
1348,1754.21276855469
1347,1808.0068359375
1346,1816.53967285156
1345,1725.28198242188
1344,1573.01025390625
1343,1414.73217773438
1342,1296.01782226563
1341,1220.11584472656
1340,1157.9365234375
1339,1110.36865234375
1338,1085.78198242188
1337,1070.62353515625
1336,1052.72302246094
1335,1030.37829589844
1334,1007.27178955078
1333,989.147338867188
1332,968.965637207031
1331,939.690734863281
1330,913.718566894531
1329,898.558532714844
1328,886.805236816406
1327,876.055419921875
1326,869.546691894531
1325,870.575927734375
1324,884.80859375
1323,926.103820800781
1322,991.968811035156
1321,1050.5244140625
1320,1102.25598144531
1319,1174.62341308594
1318,1259.23547363281
1317,1333.2578125
1316,1383.41186523438
1315,1404.69555664063
1314,1402.57678222656
1313,1374.52368164063
1312,1312.62902832031
1311,1234.11083984375
1310,1165.73767089844
1309,1123.55920410156
1308,1106.3671875
1307,1086.39501953125
1306,1060.19458007813
1305,1049.65930175781
1304,1062.13195800781
1303,1093.84558105469
1302,1128.80151367188
1301,1151.37939453125
1300,1153.82336425781
1299,1147.52197265625
1298,1159.59985351563
1297,1181.67358398438
1296,1192.4716796875
1295,1205.12866210938
1294,1232.98889160156
1293,1268.11828613281
1292,1305.06884765625
1291,1344.3212890625
1290,1382.54943847656
1289,1418.54125976563
1288,1474.97241210938
1287,1565.00158691406
1286,1659.59484863281
1285,1750.27270507813
1284,1862.01354980469
1283,1995.92053222656
1282,2138.46875
1281,2297.59350585938
1280,2488.05517578125
1279,2721.11938476563
1278,2986.64990234375
1277,3247.1572265625
1276,3519.95068359375
1275,3855.92065429688
1274,4223.681640625
1273,4574.78759765625
1272,4921.20556640625
1271,5269.18994140625
1270,5593.27099609375
1269,5865.64111328125
1268,6060.24072265625
1267,6159.3623046875
1266,6155.59228515625
1265,6066.28759765625
1264,5901.75830078125
1263,5645.92529296875
1262,5299.27392578125
1261,4885.775390625
1260,4448.79296875
1259,4039.38500976563
1258,3693.32153320313
1257,3406.54150390625
1256,3090.7236328125
1255,2745.419921875
1254,2492.3974609375
1253,2319.25073242188
1252,2129.79858398438
1251,1941.44702148438
1250,1796.19165039063
1249,1676.4140625
1248,1562.41552734375
1247,1450.29248046875
1246,1350.04455566406
1245,1277.87866210938
1244,1212.00268554688
1243,1128.34509277344
1242,1065.13793945313
1241,1035.96032714844
1240,976.446960449219
1239,892.228576660156
1238,865.687927246094
1237,868.069091796875
1236,822.018432617188
1235,757.450988769531
1234,718.434020996094
1233,696.110961914063
1232,675.277404785156
1231,645.129333496094
1230,615.723815917969
1229,607.19775390625
1228,599.667785644531
1227,572.022033691406
1226,557.177978515625
1225,572.810241699219
1224,588.439819335938
1223,590.9609375
1222,589.604309082031
1221,591.308044433594
1220,600.932678222656
1219,622.11865234375
1218,651.327575683594
1217,669.0078125
1216,677.983642578125
1215,711.734985351563
1214,773.298400878906
1213,843.996520996094
1212,921.345886230469
1211,1010.49621582031
1210,1119.43017578125
1209,1254.10852050781
1208,1415.03967285156
1207,1585.01501464844
1206,1733.25598144531
1205,1863.76147460938
1204,1989.81359863281
1203,2074.0927734375
1202,2079.00708007813
1201,2004.71752929688
1200,1866.38842773438
1199,1691.63830566406
1198,1505.62377929688
1197,1329.06091308594
1196,1169.82348632813
1195,1031.59484863281
1194,922.726013183594
1193,844.585388183594
1192,783.531127929688
1191,742.148620605469
1190,739.316101074219
1189,758.123901367188
1188,767.930847167969
1187,786.324279785156
1186,834.353454589844
1185,896.508605957031
1184,957.18798828125
1183,1010.79119873047
1182,1053.43859863281
1181,1081.79943847656
1180,1090.78723144531
1179,1072.70495605469
1178,1012.51281738281
1177,913.996032714844
1176,828.184265136719
1175,777.14453125
1174,737.969970703125
1173,704.395202636719
1172,683.966491699219
1171,678.818298339844
1170,689.261962890625
1169,717.647766113281
1168,765.397155761719
1167,831.552978515625
1166,923.817687988281
1165,1058.44250488281
1164,1236.35095214844
1163,1448.98986816406
1162,1691.11169433594
1161,1954.18627929688
1160,2215.94384765625
1159,2451.14526367188
1158,2632.83911132813
1157,2710.04150390625
1156,2618.96142578125
1155,2396.6201171875
1154,2126.49584960938
1153,1839.71728515625
1152,1558.99548339844
1151,1328.07214355469
1150,1160.44763183594
1149,1019.99017333984
1148,895.932556152344
1147,801.180114746094
1146,729.317321777344
1145,668.31591796875
1144,626.8046875
1143,607.886291503906
1142,587.30517578125
1141,552.533996582031
1140,513.295654296875
1139,482.853820800781
1138,472.668304443359
1137,467.996063232422
1136,448.830474853516
1135,424.639038085938
1134,407.219970703125
1133,396.058166503906
1132,388.101379394531
1131,379.669311523438
1130,373.942169189453
1129,376.933258056641
1128,375.871429443359
1127,357.553131103516
1126,340.916473388672
1125,340.811126708984
1124,345.403564453125
1123,346.828704833984
1122,346.847137451172
1121,346.165313720703
1120,344.875549316406
1119,347.944458007813
1118,359.353790283203
1117,370.680908203125
1116,374.550231933594
1115,372.731628417969
1114,371.697723388672
1113,381.500854492188
1112,398.791778564453
1111,410.415222167969
1110,407.960968017578
1109,391.003875732422
1108,382.153442382813
1107,395.207000732422
1106,411.161407470703
1105,415.806335449219
1104,408.156768798828
1103,401.816650390625
1102,415.783874511719
1101,427.057556152344
1100,407.483306884766
1099,390.225830078125
1098,403.228210449219
1097,423.649749755859
1096,434.260925292969
1095,436.282287597656
1094,435.603424072266
1093,439.974365234375
1092,449.504638671875
1091,460.581665039063
1090,470.238800048828
1089,477.321960449219
1088,484.84375
1087,494.754608154297
1086,506.623291015625
1085,524.771606445313
1084,555.651306152344
1083,582.843872070313
1082,585.728576660156
1081,587.249633789063
1080,608.004028320313
1079,621.316955566406
1078,616.211547851563
1077,621.760314941406
1076,639.117919921875
1075,639.902587890625
1074,631.303955078125
1073,639.259887695313
1072,663.781982421875
1071,692.315856933594
1070,702.802124023438
1069,694.791687011719
1068,712.844360351563
1067,764.503662109375
1066,809.173706054688
1065,832.531799316406
1064,842.498229980469
1063,855.064270019531
1062,885.165283203125
1061,930.160400390625
1060,978.857055664063
1059,1011.09680175781
1058,1036.84301757813
1057,1106.18469238281
1056,1199.28491210938
1055,1244.36730957031
1054,1268.95446777344
1053,1337.40063476563
1052,1431.5546875
1051,1524.37512207031
1050,1637.15966796875
1049,1772.04956054688
1048,1885.76928710938
1047,1990.58215332031
1046,2154.90478515625
1045,2362.09350585938
1044,2551.123046875
1043,2744.02709960938
1042,2988.01708984375
1041,3301.0615234375
1040,3674.9580078125
1039,4060.69189453125
1038,4461.2060546875
1037,4950.33154296875
1036,5514.861328125
1035,6074.8857421875
1034,6631.41259765625
1033,7208.5859375
1032,7736.83544921875
1031,8139.92138671875
1030,8404.529296875
1029,8541.767578125
1028,8583.97265625
1027,8520.7744140625
1026,8300.48828125
1025,7955.03515625
1024,7563.3125
1023,7132.50537109375
1022,6646.69091796875
1021,6116.685546875
1020,5568.7578125
1019,5049.34130859375
1018,4579.38037109375
1017,4140.77734375
1016,3746.40966796875
1015,3433.796875
1014,3181.3740234375
1013,2945.58862304688
1012,2749.43359375
1011,2626.55639648438
1010,2569.9521484375
1009,2574.50317382813
1008,2655.33935546875
1007,2827.19848632813
1006,3102.810546875
1005,3517.57421875
1004,4116.44580078125
1003,4874.46826171875
1002,5720.94970703125
1001,6532.42822265625
1000,7133.74560546875
999,7248.2822265625
998,6743.33740234375
997,5776.52685546875
996,4608.43359375
995,3567.35229492188
994,2786.81494140625
993,2252.357421875
992,1907.68249511719
991,1686.71862792969
990,1556.80212402344
989,1483.33862304688
988,1402.9921875
987,1292.12072753906
986,1198.51611328125
985,1127.5654296875
984,1036.15686035156
983,921.754516601563
982,810.831726074219
981,729.282287597656
980,689.891662597656
979,652.823425292969
978,592.165588378906
977,551.759826660156
976,548.189453125
975,538.313659667969
974,511.03662109375
973,491.538787841797
972,477.920074462891
971,453.224639892578
970,428.722198486328
969,420.853424072266
968,417.553436279297
967,406.78466796875
966,395.378051757813
965,386.524322509766
964,373.201110839844
963,358.929779052734
962,357.722503662109
961,364.769378662109
960,364.363677978516
959,356.792755126953
958,347.873077392578
957,336.854431152344
956,324.619323730469
955,321.025177001953
954,327.411529541016
953,328.566375732422
952,320.243591308594
951,311.470123291016
950,302.964508056641
949,290.556884765625
948,282.646148681641
947,288.627532958984
946,294.667572021484
945,289.065246582031
944,286.123321533203
943,292.001647949219
942,289.545532226563
941,278.421661376953
940,280.229400634766
939,292.555603027344
938,295.215881347656
937,290.088134765625
936,288.098663330078
935,285.338165283203
934,277.29443359375
933,274.039489746094
932,282.1044921875
931,294.119171142578
930,302.535858154297
929,302.492889404297
928,298.641906738281
927,302.840698242188
926,312.494110107422
925,317.566040039063
924,317.750823974609
923,317.501159667969
922,324.718841552734
921,342.888458251953
920,362.202270507813
919,375.310577392578
918,382.475494384766
917,388.217407226563
916,400.433990478516
915,419.845977783203
914,442.795257568359
913,473.904388427734
912,517.506774902344
911,556.079284667969
910,577.319274902344
909,607.062072753906
908,655.509338378906
907,685.807678222656
906,682.680603027344
905,667.414855957031
904,646.309387207031
903,611.1220703125
902,571.421569824219
901,544.255737304688
900,521.299255371094
899,490.272979736328
898,465.745147705078
897,456.868316650391
896,439.524810791016
895,404.862487792969
894,380.230590820313
893,374.214782714844
892,369.346008300781
891,360.341033935547
890,352.713531494141
889,349.077667236328
888,349.337097167969
887,347.844207763672
886,339.93310546875
885,331.986358642578
884,328.860015869141
883,325.551147460938
882,320.058410644531
881,317.607177734375
880,323.933441162109
879,343.695831298828
878,368.322357177734
877,383.182525634766
876,406.771850585938
875,467.121215820313
874,551.863464355469
873,642.013305664063
872,743.296569824219
871,838.203430175781
870,844.036987304688
869,739.249084472656
868,610.714599609375
867,512.137878417969
866,450.766387939453
865,421.0224609375
864,410.295135498047
863,412.323059082031
862,423.016662597656
861,432.322265625
860,432.354400634766
859,429.967224121094
858,434.964965820313
857,456.278869628906
856,491.503356933594
855,520.977722167969
854,540.279907226563
853,563.263732910156
852,601.677185058594
851,662.494873046875
850,730.84033203125
849,782.838989257813
848,808.429443359375
847,803.126708984375
846,764.871704101563
845,699.988464355469
844,634.268371582031
843,587.516662597656
842,563.965576171875
841,560.301635742188
840,566.257751464844
839,574.832702636719
838,582.66064453125
837,592.242797851563
836,607.878662109375
835,624.019165039063
834,634.074279785156
833,643.655151367188
832,658.928466796875
831,678.417175292969
830,700.392578125
829,725.29541015625
828,755.106079101563
827,793.267333984375
826,837.208801269531
825,878.869384765625
824,914.525512695313
823,945.428833007813
822,987.682189941406
821,1057.59924316406
820,1137.11596679688
819,1210.279296875
818,1306.24377441406
817,1442.64599609375
816,1587.744140625
815,1739.04870605469
814,1952.88830566406
813,2269.67456054688
812,2705.85888671875
811,3289.74194335938
810,4068.75561523438
809,5174.21240234375
808,6798.07080078125
807,9212.701171875
806,12684.1015625
805,17306.421875
804,23030.380859375
803,29513.4453125
802,35729.125
801,39352.5390625
800,38967.91796875
799,34789.5703125
798,28220.08203125
797,21693.482421875
796,16378.8115234375
795,12406.2314453125
794,9518.9296875
793,7313.12255859375
792,5679.7568359375
791,4583.49658203125
790,3828.91479492188
789,3242.54174804688
788,2833.74072265625
787,2591.77490234375
786,2401.38671875
785,2218.04345703125
784,2113.51586914063
783,2081.30737304688
782,2031.54699707031
781,1972.93774414063
780,1983.45043945313
779,2073.12133789063
778,2214.09741210938
777,2375.61547851563
776,2531.43115234375
775,2678.537109375
774,2794.5537109375
773,2782.31127929688
772,2596.15625
771,2325.57641601563
770,2045.54809570313
769,1783.88647460938
768,1558.35900878906
767,1378.78942871094
766,1235.888671875
765,1108.45483398438
764,1004.40490722656
763,941.874145507813
762,893.706298828125
761,826.195495605469
760,762.383972167969
759,729.293334960938
758,713.099731445313
757,696.369201660156
756,672.639343261719
755,644.750366210938
754,627.980834960938
753,620.200317382813
752,598.109741210938
751,567.468994140625
750,558.1083984375
749,561.770446777344
748,548.545166015625
747,521.009033203125
746,495.381958007813
745,475.842071533203
744,462.290679931641
743,454.265930175781
742,448.078063964844
741,431.399993896484
740,403.978149414063
739,392.437164306641
738,405.536437988281
737,421.345031738281
736,427.805816650391
735,426.673797607422
734,425.576416015625
733,434.085144042969
732,438.157836914063
731,415.101806640625
730,382.114440917969
729,367.322540283203
728,365.056976318359
727,360.208557128906
726,342.429779052734
725,312.047821044922
724,294.348815917969
723,299.893371582031
722,303.639221191406
721,293.7080078125
720,282.351898193359
719,274.962829589844
718,267.883178710938
717,260.316955566406
716,254.008773803711
715,249.779281616211
714,247.747711181641
713,247.24186706543
712,247.412979125977
711,248.285110473633
710,249.59700012207
709,248.979766845703
708,245.448165893555
707,243.07292175293
706,243.584899902344
705,242.419982910156
704,238.945404052734
703,239.318603515625
702,243.826019287109
701,246.019485473633
700,248.574340820313
699,261.012145996094
698,278.282623291016
697,289.240631103516
696,310.602783203125
695,367.727081298828
694,457.616912841797
693,572.280395507813
692,725.692016601563
691,909.407287597656
690,1027.89050292969
689,1008.60723876953
688,870.513549804688
687,669.148986816406
686,499.619232177734
685,401.068634033203
684,335.206176757813
683,282.676055908203
682,247.95637512207
681,231.44255065918
680,229.14729309082
679,232.290756225586
678,230.659866333008
677,223.413009643555
676,214.311553955078
675,209.591262817383
674,214.0498046875
673,223.729736328125
672,233.0859375
671,238.182403564453
670,241.165191650391
669,256.659240722656
668,290.200408935547
667,329.459289550781
666,358.987152099609
665,362.439453125
664,344.325439453125
663,328.116088867188
662,313.531768798828
661,284.539215087891
660,254.959213256836
659,250.627288818359
658,255.19580078125
657,241.900939941406
656,230.772354125977
655,245.674942016602
654,261.257537841797
653,255.662261962891
652,255.93620300293
651,279.861907958984
650,302.300170898438
649,307.736999511719
648,308.607666015625
647,318.018402099609
646,345.797088623047
645,395.812774658203
644,465.535980224609
643,548.408874511719
642,635.631103515625
641,728.973754882813
640,831.0439453125
639,891.340393066406
638,848.007934570313
637,739.942993164063
636,634.795166015625
635,547.55712890625
634,479.723846435547
633,441.285675048828
632,435.412170410156
631,440.984954833984
630,445.33740234375
629,462.771118164063
628,501.519622802734
627,553.839477539063
626,611.176696777344
625,666.169189453125
624,717.847351074219
623,771.110107421875
622,819.670532226563
621,848.909118652344
620,856.790161132813
619,848.329162597656
618,817.738647460938
617,757.263122558594
616,682.281555175781
615,614.714172363281
614,563.461303710938
613,528.6953125
612,492.729309082031
611,445.438873291016
610,410.995452880859
609,401.360076904297
608,386.846069335938
607,355.790344238281
606,338.600219726563
605,343.949066162109
604,344.033050537109
603,328.883758544922
602,311.572845458984
601,298.936889648438
600,290.900848388672
599,285.765960693359
598,281.243621826172
597,279.169860839844
596,282.392272949219
595,283.171936035156
594,272.224639892578
593,259.786224365234
592,258.339294433594
591,258.336883544922
590,249.955093383789
589,244.564392089844
588,251.260467529297
587,259.820434570313
586,262.274597167969
585,262.915649414063
584,266.525604248047
583,275.786071777344
582,288.78466796875
581,297.673889160156
580,301.917144775391
579,309.397735595703
578,319.22509765625
577,322.632690429688
576,320.323760986328
575,319.836944580078
574,323.423065185547
573,329.814819335938
572,336.046325683594
571,338.485290527344
570,334.394134521484
569,324.139465332031
568,321.829071044922
567,338.573699951172
566,356.779327392578
565,361.089233398438
564,365.287017822266
563,379.457244873047
562,390.264801025391
561,391.817169189453
560,400.385314941406
559,423.442230224609
558,449.724365234375
557,469.647277832031
556,478.323760986328
555,474.410766601563
554,460.311553955078
553,442.615417480469
552,430.964538574219
551,427.205017089844
550,426.828643798828
549,420.013946533203
548,396.808868408203
547,372.308868408203
546,368.314239501953
545,368.883331298828
544,351.164764404297
543,336.149108886719
542,347.555694580078
541,360.240753173828
540,351.0595703125
539,347.292175292969
538,370.522430419922
537,397.427032470703
536,414.994812011719
535,450.198547363281
534,516.2744140625
533,591.221862792969
532,652.247985839844
531,681.36767578125
530,670.090759277344
529,621.779235839844
528,549.5595703125
527,475.729370117188
526,417.647735595703
525,386.48486328125
524,372.847595214844
523,355.085754394531
522,339.331085205078
521,344.485229492188
520,353.203796386719
519,336.969665527344
518,316.248596191406
517,322.328491210938
516,333.510009765625
515,320.81640625
514,304.316955566406
513,308.739715576172
512,325.162933349609
511,337.933044433594
510,334.459503173828
509,314.846801757813
508,309.312042236328
507,331.977233886719
506,354.15478515625
505,357.21484375
504,349.227172851563
503,340.093353271484
502,338.28173828125
501,344.766906738281
500,351.600311279297
499,354.593475341797
498,354.315795898438
497,356.313079833984
496,368.998229980469
495,381.780700683594
494,373.353424072266
493,362.536590576172
492,387.253631591797
491,426.765075683594
490,436.747283935547
489,431.529296875
488,445.140838623047
487,470.177856445313
486,487.915130615234
485,501.696807861328
484,519.029602050781
483,535.591979980469
482,547.313232421875
481,561.968872070313
480,583.505798339844
479,596.950744628906
478,595.315307617188
477,599.889587402344
476,621.164245605469
475,638.056884765625
474,639.653259277344
473,640.098937988281
472,642.690979003906
471,630.790649414063
470,610.086242675781
469,616.278381347656
468,646.807006835938
467,655.805786132813
466,640.347961425781
465,639.237182617188
464,656.480590820313
463,667.386474609375
462,671.012145996094
461,683.103698730469
460,708.0634765625
459,742.490295410156
458,777.961059570313
457,804.82568359375
456,823.87939453125
455,841.378295898438
454,867.929077148438
453,912.103393554688
452,962.460021972656
451,1003.26745605469
450,1029.73388671875
449,1044.18322753906
448,1064.4453125
447,1104.99743652344
446,1156.79760742188
445,1206.48095703125
444,1242.23083496094
443,1264.35803222656
442,1301.93664550781
441,1367.38415527344
440,1429.22314453125
439,1471.12646484375
438,1514.50903320313
437,1580.24536132813
436,1681.5458984375
435,1811.76013183594
434,1938.27819824219
433,2050.16918945313
432,2164.58569335938
431,2284.34033203125
430,2396.03881835938
429,2503.95727539063
428,2627.48681640625
427,2750.84545898438
426,2833.66455078125
425,2901.03637695313
424,3019.02587890625
423,3175.79931640625
422,3318.6142578125
421,3482.33544921875
420,3734.998046875
419,4014.00317382813
418,4204.509765625
417,4274.67626953125
416,4227.4521484375
415,4060.33203125
414,3769.9892578125
413,3359.77734375
412,2850.09130859375
411,2329.08618164063
410,1889.92150878906
409,1568.95629882813
408,1381.74609375
407,1320.60314941406
406,1359.95349121094
405,1435.224609375
404,1496.19250488281
403,1550.46130371094
402,1600.32055664063
401,1613.22802734375
400,1565.35632324219
399,1461.56372070313
398,1322.19396972656
397,1189.43994140625
396,1099.720703125
395,1075.52136230469
394,1108.50158691406
393,1148.12646484375
392,1184.32702636719
391,1262.98608398438
390,1386.40808105469
389,1502.65405273438
388,1593.00500488281
387,1676.3115234375
386,1758.77307128906
385,1832.67626953125
384,1885.84973144531
383,1903.48461914063
382,1880.98254394531
381,1821.79296875
380,1731.73596191406
379,1618.91015625
378,1500.06896972656
377,1394.78552246094
376,1298.61926269531
375,1196.47033691406
374,1096.18664550781
373,1014.48443603516
372,948.222473144531
371,886.674255371094
370,828.126892089844
369,774.969604492188
368,732.177917480469
367,701.88720703125
366,666.550903320313
365,611.4140625
364,564.6162109375
363,554.154113769531
362,555.107238769531
361,539.588806152344
360,520.484985351563
359,512.019287109375
358,500.649108886719
357,476.946746826172
356,461.827575683594
355,467.864868164063
354,468.913330078125
353,448.691528320313
352,431.848449707031
351,435.691772460938
350,446.772430419922
349,451.911407470703
348,447.225036621094
347,434.593902587891
346,424.495269775391
345,422.526062011719
344,424.326019287109
343,427.025665283203
342,431.623382568359
341,438.609619140625
340,447.269958496094
339,457.613311767578
338,470.690948486328
337,486.144622802734
336,501.863586425781
335,517.412231445313
334,534.116027832031
333,547.195556640625
332,545.836303710938
331,527.876342773438
330,499.92578125
329,472.341827392578
328,457.615783691406
327,453.699493408203
326,447.364868164063
325,437.729125976563
324,432.993072509766
323,433.619537353516
322,434.854553222656
321,436.863891601563
320,442.698852539063
319,450.996887207031
318,457.911804199219
317,461.813385009766
316,462.422241210938
315,460.170532226563
314,456.231658935547
313,454.839752197266
312,460.746948242188
311,471.468017578125
310,481.070678710938
309,482.460266113281
308,471.794677734375
307,468.886413574219
306,494.652709960938
305,522.381164550781
304,517.419677734375
303,496.001831054688
302,486.233764648438
301,489.306365966797
300,498.580261230469
299,510.385498046875
298,521.84619140625
297,529.758666992188
296,533.73046875
295,545.182983398438
294,571.097778320313
293,590.173828125
292,584.999450683594
291,575.793334960938
290,582.293151855469
289,594.902648925781
288,602.260437011719
287,606.489379882813
286,610.009765625
285,608.4384765625
284,599.8583984375
283,592.552917480469
282,593.932495117188
281,604.613220214844
280,621.907287597656
279,637.705749511719
278,647.20068359375
277,655.119079589844
276,665.585571289063
275,678.459594726563
274,695.296081542969
273,722.314697265625
272,760.683471679688
271,800.463134765625
270,832.691101074219
269,852.760925292969
268,863.765625
267,881.596740722656
266,914.629211425781
265,956.103210449219
264,994.673950195313
263,1014.10437011719
262,1008.58868408203
261,989.288208007813
260,968.783569335938
259,959.390686035156
258,964.177490234375
257,973.273071289063
256,986.3115234375
255,1016.90692138672
254,1062.73095703125
253,1099.60168457031
252,1119.61596679688
251,1137.228515625
250,1162.84094238281
249,1199.88134765625
248,1242.43322753906
247,1274.53295898438
246,1292.58581542969
245,1307.73510742188
244,1333.55236816406
243,1384.380859375
242,1448.79064941406
241,1489.49133300781
240,1502.17907714844
239,1516.40161132813
238,1537.603515625
237,1546.69775390625
236,1541.59558105469
235,1536.74084472656
234,1531.02465820313
233,1509.28112792969
232,1476.62487792969
231,1455.71423339844
230,1445.55285644531
229,1424.62622070313
228,1386.17785644531
227,1337.24401855469
226,1294.80871582031
225,1281.80908203125
224,1289.19018554688
223,1283.81652832031
222,1264.82934570313
221,1255.84375
220,1255.01171875
219,1242.287109375
218,1227.97399902344
217,1242.96960449219
216,1278.94079589844
215,1300.20983886719
214,1300.45556640625
213,1294.68200683594
212,1291.32104492188
211,1293.61645507813
210,1302.64392089844
209,1317.17395019531
208,1325.00305175781
207,1308.84118652344
206,1281.5517578125
205,1273.72436523438
204,1282.97021484375
203,1285.46765136719
202,1266.41235351563
201,1220.01672363281
200,1173.72314453125
199,1170.88818359375
198,1191.89245605469
197,1182.44079589844
196,1152.53564453125
195,1148.50024414063
194,1164.77209472656
193,1166.32189941406
192,1154.625
191,1152.23107910156
190,1162.05456542969
189,1174.77819824219
188,1181.04663085938
187,1173.291015625
186,1162.10607910156
185,1167.40405273438
184,1191.52648925781
183,1225.67700195313
182,1255.74597167969
181,1266.85046386719
180,1268.3642578125
179,1282.14953613281
178,1309.39978027344
177,1339.52734375
176,1368.31286621094
175,1395.16625976563
174,1416.91650390625
173,1430.27844238281
172,1446.99914550781
171,1485.15979003906
170,1535.86340332031
169,1576.95434570313
168,1615.79052734375
167,1673.47583007813
166,1729.92370605469
165,1745.97399902344
164,1742.41162109375
163,1770.95288085938
162,1827.73754882813
161,1877.80749511719
160,1914.71862792969
159,1949.2529296875
158,1988.3642578125
157,2034.77075195313
156,2072.08227539063
155,2076.21118164063
154,2067.88745117188
153,2091.26416015625
152,2139.7939453125
151,2178.12109375
150,2208.69555664063
